<?xml version="1.0"?>
<doc>
    <assembly>
        <name>ContactTagExample</name>
    </assembly>
    <members>
        <member name="T:NDoc.Contrib.ContactTag.Example">
            <summary>
            This class demonstrates a simple custom tag
            </summary>
            <contact href="mailto:noone@example.org">don</contact>
        </member>
        <member name="M:NDoc.Contrib.ContactTag.Example.NoText">
            <summary>
            This method uses the contact tag wthout text, just an href
            </summary>
            <contact href="mailto:noone@example.org"/>
        </member>
    </members>
</doc>
